{"title": "Outputs from Cycles model", "summary": "Results from a single execution of the Cycles model. Values for the parameters used for the simulation can be found in the ModelParameters Section of the JSON file", "naming_authority": "MINT workflow", "id": "cycles_fshfufbfbubfjdbfsj45", "keywords": "Cycles, agriculture model", "date_created": "2021-06-29", "date_modified": "2021-06-29", "creator_email": "mint@isi.edu", "convention": "MINT", "time_coverage_start": "1980-09-08", "time_coverage_end": "2016-09-04", "ensemble_id": "fhvjbjvbfjvbjebjebje", "execution_id": "fshfufbfbubfjdbfsj45", "geo": {"geospatial_bounds": [54.5, 6.5, 54.5, 6.5], "geo": {"geometry": {"coordinates": [54.5, 6.5], "type": "Point"}, "properties": [], "type": "Feature"}}, "model": {"parameters": {"start_year": 1980, "end_year": 2019, "crop_name": "Maize", "start_planting_day": 34, "end_planting_day": 149, "fertilizer_rate": 0, "weed_fraction": 0.4}, "model_name": "Cycles", "model_version": "v10.3", "model_description": "Cycles simulates the productivity and the water,carbon and nitrogen balance of soil-crop systems subject to climate conditions and a large array of management constraints."}, "data": [{"table_name": "season", "filename": "season.csv", "columns": [{"name": "DATE", "title": "Harvest Event date", "standard_name": "time", "long_name": "Harvest Event date", "units": "YYYY-MM-DD", "valid_min": "1980-09-08", "valid_max": "2016-09-04", "valid range": ["1980-09-08", "2016-09-04"], "missing_value": "NA", "fill_value": "NA", "number": 1}, {"name": "CROP", "title": "Crop Name", "standard_name": "crop__name", "long_name": "Crop Name", "units": "NA", "valid_min": "CornRM.90           ", "valid_max": "SoybeanMG.4         ", "valid range": ["CornRM.90           ", "SoybeanMG.4         "], "missing_value": "NA", "fill_value": "NA", "number": 2}, {"name": "PLANT_DATE", "title": "Planting date of harvested crop", "standard_name": "plant__time", "long_name": "Planting date of harvested crop", "units": "YYYY-MM-DD", "valid_min": "1980-04-19", "valid_max": "2016-04-19", "valid range": ["1980-04-19", "2016-04-19"], "missing_value": "NA", "fill_value": "NA", "number": 3}, {"name": "TOTAL BIOMASS", "title": "Total biomass produced (all mass is dry matter)", "standard_name": "plant_at-grain-or-forage-harvest-or-death__mass-per-area_density", "long_name": "Total biomass produced ", "units": "Mg/ha", "valid_min": 10.170491, "valid_max": 31.689931, "valid range": [10.170491, 31.689931], "missing_value": "NA", "fill_value": "NA", "number": 4}, {"name": "ROOT BIOMASS", "title": "Root Biomass", "standard_name": "plant_root_at-grain-or-forage-harvest-or-death__mass-per-area_density", "long_name": "Root Biomass", "units": "Mg/ha", "valid_min": 1.484758, "valid_max": 3.865377, "valid range": [1.484758, 3.865377], "missing_value": "NA", "fill_value": "NA", "number": 5}, {"name": "GRAIN YIELD", "title": "Grain Yield", "standard_name": "grain~dry__mass-per-area_yield", "long_name": "Grain Yield", "units": "Mg/ha", "valid_min": 3.227353, "valid_max": 14.467351, "valid range": [3.227353, 14.467351], "missing_value": "NA", "fill_value": "NA", "number": 6}, {"name": "FORAGE YIELD", "title": "Forage Yield", "standard_name": "forage-or-residue~removed_at-harvest__mass-per-area_yield", "long_name": "Forage Yield", "units": "Mg/ha", "valid_min": 0.0, "valid_max": 0.0, "valid range": [0.0, 0.0], "missing_value": "NA", "fill_value": "NA", "number": 7}, {"name": "AG RESIDUE", "title": "Aboveground residue left after harvest", "standard_name": "ground~above_residue~remaining_at-harvest__mass-per-area_density", "long_name": "Aboveground residue left after harvest", "units": "Mg/ha", "valid_min": 5.458379, "valid_max": 13.416005, "valid range": [5.458379, 13.416005], "missing_value": "NA", "fill_value": "NA", "number": 8}, {"name": "HARVEST INDEX", "title": "Ratio of grain biomass to aboveground biomass at harvest", "standard_name": "ground~above_biomass~harvested_grain__mass_fraction", "long_name": "Ratio of grain biomass to aboveground biomass at harvest", "units": "Mg/Mg", "valid_min": 0.371569, "valid_max": 0.532027, "valid range": [0.371569, 0.532027], "missing_value": "NA", "fill_value": "NA", "number": 9}, {"name": "POTENTIAL TR", "title": "Potential transpiration (water evaporated from the plant, assuming that soil moisture would not limit transpiration)", "standard_name": "crop__potential_transpiration_volume_flux", "long_name": "Potential transpiration ", "units": "mm", "valid_min": 278.077801, "valid_max": 413.603746, "valid range": [278.077801, 413.603746], "missing_value": "NA", "fill_value": "NA", "number": 10}, {"name": "ACTUAL TR", "title": "Transpiration (all limitations considered)", "standard_name": "crop_water__time_integral_of_transpiration_volume_flux", "long_name": "Transpiration ", "units": "mm", "valid_min": 237.125177, "valid_max": 396.60599, "valid range": [237.125177, 396.60599], "missing_value": "NA", "fill_value": "NA", "number": 11}, {"name": "SOIL EVAP", "title": "Soil evaporation (Evaporation of water from the soil from planting to harvest)", "standard_name": "soil_surface_water__time_integral_of_evaporation_volume_flux", "long_name": "Soil evaporation ", "units": "mm", "valid_min": 76.2675, "valid_max": 187.165481, "valid range": [76.2675, 187.165481], "missing_value": "NA", "fill_value": "NA", "number": 12}, {"name": "IRRIGATION", "title": "Irrigation water (from planting to harvest if irrigation was enabled)", "standard_name": "soil__water__irrigation", "long_name": "Irrigation water ", "units": "mm", "valid_min": 0.0, "valid_max": 0.0, "valid range": [0.0, 0.0], "missing_value": "NA", "fill_value": "NA", "number": 13}, {"name": "TOTAL N", "title": "Mass of nitrogen in the plant at harvest", "standard_name": "biomass_nitrogen_at-harvest__mass-per-area_accumulation_density", "long_name": "Mass of nitrogen in the plant at harvest", "units": "Mg/ha", "valid_min": 0.24437, "valid_max": 0.353225, "valid range": [0.24437, 0.353225], "missing_value": "NA", "fill_value": "NA", "number": 14}, {"name": "ROOT N", "title": "Mass of nitrogen in the roots at harvest", "standard_name": "crop_root_nitrogen_at-harvest__mass-per-area_accumulation_density", "long_name": "Mass of nitrogen in the roots at harvest", "units": "Mg/ha", "valid_min": 0.014804, "valid_max": 0.034816, "valid range": [0.014804, 0.034816], "missing_value": "NA", "fill_value": "NA", "number": 15}, {"name": "GRAIN N", "title": "Mass of nitrogen in the grain at harvest", "standard_name": "grain_nitrogen_at-harvest__mass-per-area_density", "long_name": "Mass of nitrogen in the grain at harvest", "units": "Mg/ha", "valid_min": 0.152389, "valid_max": 0.200033, "valid range": [0.152389, 0.200033], "missing_value": "NA", "fill_value": "NA", "number": 16}, {"name": "FORAGE N", "title": "Mass of nitrogen in the forage at harvest", "standard_name": "forage-or-residue~removed_nitrogen_at-harvest__mass-per-area_yield", "long_name": "Mass of nitrogen in the forage at harvest", "units": "Mg/ha", "valid_min": 0.0, "valid_max": 0.0, "valid range": [0.0, 0.0], "missing_value": "NA", "fill_value": "NA", "number": 17}, {"name": "CUM. N STRESS", "title": "Cumulative nitrogen stress (a measure of the nitrogen stress through the cycle of the crop)", "standard_name": "crop_nitrogen__thermal-time-to-maturity_weighted_stress_fraction", "long_name": "Cumulative nitrogen stress ", "units": "NA", "valid_min": 0.0, "valid_max": 0.020232, "valid range": [0.0, 0.020232], "missing_value": "NA", "fill_value": "NA", "number": 18}, {"name": "N IN HARVEST", "title": "Mass of nitrogen in the harvested material (grain or forage or underground material)", "standard_name": "biomass~removed_nitrogen__mass-per-area_density", "long_name": "Mass of nitrogen in the harvested material ", "units": "kg/ha", "valid_min": 152.389207, "valid_max": 200.033313, "valid range": [152.389207, 200.033313], "missing_value": "NA", "fill_value": "NA", "number": 19}, {"name": "N IN RESIDUE", "title": "Mass of nitrogen left on residue", "standard_name": "field_residue~remaining_nitrogen_at-harvest__mass-per-area_density", "long_name": "Mass of nitrogen left on residue", "units": "kg/ha", "valid_min": 91.981025, "valid_max": 153.372284, "valid range": [91.981025, 153.372284], "missing_value": "NA", "fill_value": "NA", "number": 20}, {"name": "N CONCN FORAGE", "title": "Concentration of nitrogen in the harvested forage", "standard_name": "forage-or-residue~removed_nitrogen__mass_fraction", "long_name": "Concentration of nitrogen in the harvested forage", "units": "%", "valid_min": 0.0, "valid_max": 0.0, "valid range": [0.0, 0.0], "missing_value": "NA", "fill_value": "NA", "number": 21}, {"name": "N FIXATION", "title": "Mass of nitrogen from nitrogen fixation", "standard_name": "nitrogen__fixation", "long_name": "Mass of nitrogen from nitrogen fixation", "units": "kg/ha", "valid_min": 0.0, "valid_max": 302.035807, "valid range": [0.0, 302.035807], "missing_value": "NA", "fill_value": "NA", "number": 22}, {"name": "N ADDED", "title": "Mass of nitrogen that is added to the crop (if auto N is ON)", "standard_name": "plant__nitrogen_added", "long_name": "Mass of nitrogen that is added to the crop ", "units": "kg/ha", "valid_min": 0.0, "valid_max": 0.0, "valid range": [0.0, 0.0], "missing_value": "NA", "fill_value": "NA", "number": 23}]}, {"table_name": "summary", "filename": "summary.csv", "columns": [{"name": "INIT PROF C", "title": "Initial organic soil carbon in the soil profile", "standard_name": "soil_carbon_pool~stabilized_carbon__initial_mass", "long_name": "Initial organic soil carbon in the soil profile", "units": "Mg C/ha", "valid_min": 130.457531, "valid_max": 130.457531, "valid range": [130.457531, 130.457531], "missing_value": "NA", "fill_value": "NA", "number": 1}, {"name": "FINAL PROF C", "title": "Final organic soil carbon in the soil profile", "standard_name": "soil_carbon_pool~stabilized_carbon__final_mass", "long_name": "Final organic soil carbon in the soil profile", "units": "Mg C/ha", "valid_min": 131.398996, "valid_max": 131.398996, "valid range": [131.398996, 131.398996], "missing_value": "NA", "fill_value": "NA", "number": 2}, {"name": "PROF C DIFF", "title": "Change in C content of the stabilized soil C pool from the beginning to end of the simulation.", "standard_name": "soil_carbon_pool~stabilized_carbon__change_of_mass", "long_name": "Change in C content of the stabilized soil C pool from the beginning to end of the simulation.", "units": "Mg C/ha", "valid_min": 0.941464, "valid_max": 0.941464, "valid range": [0.941464, 0.941464], "missing_value": "NA", "fill_value": "NA", "number": 3}, {"name": "RES C INPUT", "title": "Total quantity of aboveground crop residues decomposed over the duration of the simulation.", "standard_name": "ground~above_crop_residue-as-carbon__decomposition_mass", "long_name": "Total quantity of aboveground crop residues decomposed over the duration of the simulation.", "units": "Mg C/ha", "valid_min": 149.874869, "valid_max": 149.874869, "valid range": [149.874869, 149.874869], "missing_value": "NA", "fill_value": "NA", "number": 4}, {"name": "ROOT C INPUT", "title": "Total quantity of roots and rhizodeposits decomposed over the duration of the simulation.", "standard_name": "ground~above_crop_roots-and-rhizodeposits-as-carbon__decomposition_mass", "long_name": "Total quantity of roots and rhizodeposits decomposed over the duration of the simulation.", "units": "Mg C/ha", "valid_min": 69.927404, "valid_max": 69.927404, "valid range": [69.927404, 69.927404], "missing_value": "NA", "fill_value": "NA", "number": 5}, {"name": "HUMIFIED C", "title": "Total quantity of decomposed C added to microbial and soil C pools over the duration of the simulation.", "standard_name": "soil_pool-and-pool~microbial_carbon~decomposed__addition_mass", "long_name": "Total quantity of decomposed C added to microbial and soil C pools over the duration of the simulation.", "units": "Mg C/ha", "valid_min": 151.445486, "valid_max": 151.445486, "valid range": [151.445486, 151.445486], "missing_value": "NA", "fill_value": "NA", "number": 6}, {"name": "RESP SOIL C", "title": "Total quantity of C respired during decomposition of the microbial biomass and stabilized soil C pools over the duration of the simulation.", "standard_name": "crop_biomass~microbial-and-soil_carbon__decomposition_respiration_mass", "long_name": "Total quantity of C respired during decomposition of the microbial biomass and stabilized soil C pools over the duration of the simulation.", "units": "Mg C/ha", "valid_min": 87.137653, "valid_max": 87.137653, "valid range": [87.137653, 87.137653], "missing_value": "NA", "fill_value": "NA", "number": 7}, {"name": "RESP RES C", "title": "Total quantity of C respired during decomposition of the residue pools", "standard_name": "crop_residue_pool_carbon__time_integral_of_decomposition_respiration_mass_flux", "long_name": "Total quantity of C respired during decomposition of the residue pools", "units": "Mg C/ha", "valid_min": 131.701484, "valid_max": 131.701484, "valid range": [131.701484, 131.701484], "missing_value": "NA", "fill_value": "NA", "number": 8}, {"name": "RETAINED RES", "title": "Total quantity of aboveground crop residues retained in the field over the duration of the simulation", "standard_name": "ground~above_crop_residue~retained__mass-per-area_density", "long_name": "Total quantity of aboveground crop residues retained in the field over the duration of the simulation", "units": "Mg/ha", "valid_min": 348.529289, "valid_max": 348.529289, "valid range": [348.529289, 348.529289], "missing_value": "NA", "fill_value": "NA", "number": 9}, {"name": "PRODUCED ROOT", "title": "Total quantity of roots and rhizodeposits produced over the duration of the simulation.", "standard_name": "roots-and-rhizodeposits__time_integral_of_mass-per-area_production_rate", "long_name": "Total quantity of roots and rhizodeposits produced over the duration of the simulation.", "units": "Mg/ha", "valid_min": 162.621141, "valid_max": 162.621141, "valid range": [162.621141, 162.621141], "missing_value": "NA", "fill_value": "NA", "number": 10}, {"name": "SOIL C CHG/YR", "title": "Rate of change of soil organic carbon ", "standard_name": "soil_organic_carbon~rate__change", "long_name": "Rate of change of soil organic carbon ", "units": "kg C/yr", "valid_min": 25.444986, "valid_max": 25.444986, "valid range": [25.444986, 25.444986], "missing_value": "NA", "fill_value": "NA", "number": 11}, {"name": "AVG GROSS N MIN", "title": "Gross mineralization of nitrogen", "standard_name": "nitrogen__average_of_gross_mass_mineralization_rate", "long_name": "Gross mineralization of nitrogen", "units": "kg N/yr", "valid_min": 259.028161, "valid_max": 259.028161, "valid range": [259.028161, 259.028161], "missing_value": "NA", "fill_value": "NA", "number": 12}, {"name": "AVG N IMMOB", "title": "Immobilization of nitrogen", "standard_name": "nitrogen__average_of_gross_mass_immobilization_rate", "long_name": "Immobilization of nitrogen", "units": "kg N/yr", "valid_min": -121.224478, "valid_max": -121.224478, "valid range": [-121.224478, -121.224478], "missing_value": "NA", "fill_value": "NA", "number": 13}, {"name": "AVG NET N MIN", "title": "Net mineralization of nitrogen", "standard_name": "nitrogen__average_of_net_mass_mineralization_rate", "long_name": "Net mineralization of nitrogen", "units": "kg N/yr", "valid_min": 137.803683, "valid_max": 137.803683, "valid range": [137.803683, 137.803683], "missing_value": "NA", "fill_value": "NA", "number": 14}, {"name": "AVG NH4 NITRIF", "title": "Ammonium nitrification in units of nitrogen", "standard_name": "soil_nitrogen__average_of_mass_nitrification_rate", "long_name": "Ammonium nitrification in units of nitrogen", "units": "kg N/yr", "valid_min": 229.634774, "valid_max": 229.634774, "valid range": [229.634774, 229.634774], "missing_value": "NA", "fill_value": "NA", "number": 15}, {"name": "AVG N2O FR NIT", "title": "Nitrous oxide emitted from nitrification in units of nitrogen", "standard_name": "soil_nitrous-oxide-as-nitrogen__average_of_nitrification_mass_emission_rate", "long_name": "Nitrous oxide emitted from nitrification in units of nitrogen", "units": "kg N/yr", "valid_min": 0.822651, "valid_max": 0.822651, "valid range": [0.822651, 0.822651], "missing_value": "NA", "fill_value": "NA", "number": 16}, {"name": "AVG NH3 VOLATIL", "title": "Ammonia volatilization in units of nitrogen ", "standard_name": "ammonia-as-nitrogen__average_of_mass_volatilization_rate", "long_name": "Ammonia volatilization in units of nitrogen ", "units": "kg N/yr", "valid_min": 8.487359, "valid_max": 8.487359, "valid range": [8.487359, 8.487359], "missing_value": "NA", "fill_value": "NA", "number": 17}, {"name": "AVG NO3 DENIT", "title": "Nitrate denitrification in units of nitrogen", "standard_name": "soil_nitrogen__average_of_mass_denitrification_rate", "long_name": "Nitrate denitrification in units of nitrogen", "units": "kg N/yr", "valid_min": 16.174151, "valid_max": 16.174151, "valid range": [16.174151, 16.174151], "missing_value": "NA", "fill_value": "NA", "number": 18}, {"name": "AVG N2O FR DENI", "title": "Nitrous oxide emitted from denitrification in units of nitrogen", "standard_name": "soil_nitrous-oxide-as-nitrogen__average_of_denitrification_mass_emission_rate", "long_name": "Nitrous oxide emitted from denitrification in units of nitrogen", "units": "kg N/yr", "valid_min": 1.54317, "valid_max": 1.54317, "valid range": [1.54317, 1.54317], "missing_value": "NA", "fill_value": "NA", "number": 19}, {"name": "AVG NO3 LEACH", "title": "Nitrate leaching in units of nitrogen", "standard_name": "nitrate-as-nitrogen__average_of_mass_leaching_rate", "long_name": "Nitrate leaching in units of nitrogen", "units": "kg N/yr", "valid_min": 6.447728, "valid_max": 6.447728, "valid range": [6.447728, 6.447728], "missing_value": "NA", "fill_value": "NA", "number": 20}, {"name": "AVG NH4 LEACH", "title": "Ammonium leaching in units of nitroge", "standard_name": "ammonium-as-nitrogen__average_of_mass_leaching_rate", "long_name": "Ammonium leaching in units of nitroge", "units": "kg N/yr", "valid_min": 0.026544, "valid_max": 0.026544, "valid range": [0.026544, 0.026544], "missing_value": "NA", "fill_value": "NA", "number": 21}, {"name": "AVG TOT N2O EMI", "title": "Sum of nitrous oxide emitted from nitrification and denitrification in units of nitrogen", "standard_name": "soil_nitrous-oxide-as-nitrogen__average_of_mass_emission_rate", "long_name": "Sum of nitrous oxide emitted from nitrification and denitrification in units of nitrogen", "units": "kg N/yr", "valid_min": 2.365821, "valid_max": 2.365821, "valid range": [2.365821, 2.365821], "missing_value": "NA", "fill_value": "NA", "number": 22}]}]}